"mean_wis","median_wis","mean_abs_error","median_abs_error","n_forecasts"
-0.413135789862324,-0.195198284584652,0.674031717139703,0.36983978117529,51810
