"lag_order","aicc"
1,1462.24483889476
2,1581.34446620982
3,3502.18257832886
4,21458.6802938029
5,-11591.6800897944
